{
"meta":{"test_sets":[],"test_metrics":[],"learn_metrics":[{"best_value":"Min","name":"RMSE"}],"launch_mode":"Train","parameters":"","iteration_count":100,"learn_sets":["learn"],"name":"experiment"},
"iterations":[
{"learn":[14.005006],"iteration":0,"passed_time":0.0053337785,"remaining_time":0.5280440715},
{"learn":[13.14441192],"iteration":1,"passed_time":0.00767819057,"remaining_time":0.3762313379},
{"learn":[12.34258257],"iteration":2,"passed_time":0.009478096595,"remaining_time":0.3064584566},
{"learn":[11.64527793],"iteration":3,"passed_time":0.01076302333,"remaining_time":0.2583125599},
{"learn":[11.02766183],"iteration":4,"passed_time":0.01237491425,"remaining_time":0.2351233708},
{"learn":[10.43485794],"iteration":5,"passed_time":0.01400756444,"remaining_time":0.2194518429},
{"learn":[9.890641275],"iteration":6,"passed_time":0.01796553536,"remaining_time":0.2386849697},
{"learn":[9.492161212],"iteration":7,"passed_time":0.02048351113,"remaining_time":0.2355603779},
{"learn":[9.105082953],"iteration":8,"passed_time":0.02326010112,"remaining_time":0.2351854669},
{"learn":[8.674157135],"iteration":9,"passed_time":0.02488276993,"remaining_time":0.2239449293},
{"learn":[8.341743544],"iteration":10,"passed_time":0.02640709231,"remaining_time":0.2136573832},
{"learn":[8.049372916],"iteration":11,"passed_time":0.02803289304,"remaining_time":0.205574549},
{"learn":[7.757318612],"iteration":12,"passed_time":0.02960947176,"remaining_time":0.1981556956},
{"learn":[7.522206899],"iteration":13,"passed_time":0.03208130473,"remaining_time":0.1970708719},
{"learn":[7.297756655],"iteration":14,"passed_time":0.03498787982,"remaining_time":0.1982646523},
{"learn":[7.088359431],"iteration":15,"passed_time":0.03720104017,"remaining_time":0.1953054609},
{"learn":[6.882113791],"iteration":16,"passed_time":0.03932331096,"remaining_time":0.1919902829},
{"learn":[6.704728832],"iteration":17,"passed_time":0.04094358942,"remaining_time":0.1865207963},
{"learn":[6.563881962],"iteration":18,"passed_time":0.04250732148,"remaining_time":0.1812154232},
{"learn":[6.418790279],"iteration":19,"passed_time":0.04410195107,"remaining_time":0.1764078043},
{"learn":[6.315756953],"iteration":20,"passed_time":0.04885250489,"remaining_time":0.1837784708},
{"learn":[6.210157751],"iteration":21,"passed_time":0.05128532076,"remaining_time":0.1818297736},
{"learn":[6.115058449],"iteration":22,"passed_time":0.05337706657,"remaining_time":0.1786971359},
{"learn":[6.014819884],"iteration":23,"passed_time":0.05501750345,"remaining_time":0.1742220943},
{"learn":[5.93117229],"iteration":24,"passed_time":0.05658371735,"remaining_time":0.1697511521},
{"learn":[5.844857622],"iteration":25,"passed_time":0.05834884493,"remaining_time":0.1660697894},
{"learn":[5.771145213],"iteration":26,"passed_time":0.06050716253,"remaining_time":0.1635934394},
{"learn":[5.704018229],"iteration":27,"passed_time":0.0677994927,"remaining_time":0.1743415527},
{"learn":[5.665806474],"iteration":28,"passed_time":0.07061559389,"remaining_time":0.172886454},
{"learn":[5.616500369],"iteration":29,"passed_time":0.07247375171,"remaining_time":0.1691054207},
{"learn":[5.558023666],"iteration":30,"passed_time":0.07412530503,"remaining_time":0.1649885822},
{"learn":[5.510080976],"iteration":31,"passed_time":0.07577106549,"remaining_time":0.1610135142},
{"learn":[5.468747792],"iteration":32,"passed_time":0.08053756915,"remaining_time":0.1635156707},
{"learn":[5.429275534],"iteration":33,"passed_time":0.08273788458,"remaining_time":0.1606088348},
{"learn":[5.402117324],"iteration":34,"passed_time":0.08497752255,"remaining_time":0.157815399},
{"learn":[5.367635151],"iteration":35,"passed_time":0.08657310896,"remaining_time":0.1539077493},
{"learn":[5.345181232],"iteration":36,"passed_time":0.08809941298,"remaining_time":0.1500071086},
{"learn":[5.319151269],"iteration":37,"passed_time":0.08974562136,"remaining_time":0.1464270664},
{"learn":[5.296134146],"iteration":38,"passed_time":0.09294226112,"remaining_time":0.1453712289},
{"learn":[5.269629003],"iteration":39,"passed_time":0.09624614855,"remaining_time":0.1443692228},
{"learn":[5.251147059],"iteration":40,"passed_time":0.09850868603,"remaining_time":0.1417564018},
{"learn":[5.248003302],"iteration":41,"passed_time":0.09930614504,"remaining_time":0.1371370574},
{"learn":[5.232376509],"iteration":42,"passed_time":0.1008633396,"remaining_time":0.1337025665},
{"learn":[5.213524255],"iteration":43,"passed_time":0.1024166262,"remaining_time":0.1303484334},
{"learn":[5.189691584],"iteration":44,"passed_time":0.1040318604,"remaining_time":0.1271500516},
{"learn":[5.166052198],"iteration":45,"passed_time":0.105768493,"remaining_time":0.1241630135},
{"learn":[5.140406659],"iteration":46,"passed_time":0.1100263017,"remaining_time":0.1240722126},
{"learn":[5.118929684],"iteration":47,"passed_time":0.1128747274,"remaining_time":0.1222809547},
{"learn":[5.108792602],"iteration":48,"passed_time":0.1144467851,"remaining_time":0.1191180825},
{"learn":[5.098141225],"iteration":49,"passed_time":0.1159338747,"remaining_time":0.1159338747},
{"learn":[5.085926393],"iteration":50,"passed_time":0.1175605333,"remaining_time":0.1129503163},
{"learn":[5.067816804],"iteration":51,"passed_time":0.1193501634,"remaining_time":0.1101693816},
{"learn":[5.049834901],"iteration":52,"passed_time":0.1236695977,"remaining_time":0.1096692659},
{"learn":[5.03838627],"iteration":53,"passed_time":0.1259047042,"remaining_time":0.1072521554},
{"learn":[5.033534248],"iteration":54,"passed_time":0.1274544058,"remaining_time":0.1042808774},
{"learn":[5.023726885],"iteration":55,"passed_time":0.129187001,"remaining_time":0.1015040722},
{"learn":[5.01290392],"iteration":56,"passed_time":0.1412974027,"remaining_time":0.1065927775},
{"learn":[5.005569127],"iteration":57,"passed_time":0.1436642141,"remaining_time":0.1040327068},
{"learn":[4.989969032],"iteration":58,"passed_time":0.1458895401,"remaining_time":0.1013808669},
{"learn":[4.976762446],"iteration":59,"passed_time":0.1478231379,"remaining_time":0.09854875857},
{"learn":[4.967222715],"iteration":60,"passed_time":0.1495383254,"remaining_time":0.09560647032},
{"learn":[4.954407599],"iteration":61,"passed_time":0.1519789976,"remaining_time":0.09314841791},
{"learn":[4.942125056],"iteration":62,"passed_time":0.1555675678,"remaining_time":0.09136507949},
{"learn":[4.930230716],"iteration":63,"passed_time":0.1579548125,"remaining_time":0.08884958204},
{"learn":[4.921695642],"iteration":64,"passed_time":0.1598004043,"remaining_time":0.08604637153},
{"learn":[4.906405625],"iteration":65,"passed_time":0.1613901033,"remaining_time":0.08314035624},
{"learn":[4.894330248],"iteration":66,"passed_time":0.1629114663,"remaining_time":0.08023997593},
{"learn":[4.88211557],"iteration":67,"passed_time":0.1644130443,"remaining_time":0.07737084436},
{"learn":[4.877946398],"iteration":68,"passed_time":0.1689142472,"remaining_time":0.07588900961},
{"learn":[4.863182126],"iteration":69,"passed_time":0.1714667313,"remaining_time":0.07348574197},
{"learn":[4.84646533],"iteration":70,"passed_time":0.1735055842,"remaining_time":0.07086847804},
{"learn":[4.838014752],"iteration":71,"passed_time":0.1753541736,"remaining_time":0.06819328975},
{"learn":[4.82981137],"iteration":72,"passed_time":0.177183799,"remaining_time":0.06553373388},
{"learn":[4.817094767],"iteration":73,"passed_time":0.1787562872,"remaining_time":0.06280626308},
{"learn":[4.808314151],"iteration":74,"passed_time":0.1803496537,"remaining_time":0.06011655122},
{"learn":[4.796235023],"iteration":75,"passed_time":0.1838195878,"remaining_time":0.05804829089},
{"learn":[4.784434534],"iteration":76,"passed_time":0.1867908123,"remaining_time":0.05579465823},
{"learn":[4.774402487],"iteration":77,"passed_time":0.1890940405,"remaining_time":0.05333421655},
{"learn":[4.76731896],"iteration":78,"passed_time":0.1907376729,"remaining_time":0.05070241938},
{"learn":[4.75934113],"iteration":79,"passed_time":0.1922572739,"remaining_time":0.04806431847},
{"learn":[4.754106378],"iteration":80,"passed_time":0.1939264994,"remaining_time":0.04548893196},
{"learn":[4.744002932],"iteration":81,"passed_time":0.1954814108,"remaining_time":0.04291055359},
{"learn":[4.731700554],"iteration":82,"passed_time":0.2003280806,"remaining_time":0.04103105266},
{"learn":[4.723284153],"iteration":83,"passed_time":0.2030020289,"remaining_time":0.03866705313},
{"learn":[4.712232782],"iteration":84,"passed_time":0.2049684413,"remaining_time":0.03617090141},
{"learn":[4.703046867],"iteration":85,"passed_time":0.2065438123,"remaining_time":0.0336234113},
{"learn":[4.698601855],"iteration":86,"passed_time":0.2080821177,"remaining_time":0.03109273022},
{"learn":[4.692429407],"iteration":87,"passed_time":0.2096383083,"remaining_time":0.02858704205},
{"learn":[4.675027364],"iteration":88,"passed_time":0.2112494581,"remaining_time":0.02610948359},
{"learn":[4.662368584],"iteration":89,"passed_time":0.2158494989,"remaining_time":0.02398327766},
{"learn":[4.646206172],"iteration":90,"passed_time":0.2183513005,"remaining_time":0.02159518356},
{"learn":[4.641245848],"iteration":91,"passed_time":0.2204505528,"remaining_time":0.01916961329},
{"learn":[4.633900435],"iteration":92,"passed_time":0.2221490254,"remaining_time":0.01672089438},
{"learn":[4.624738236],"iteration":93,"passed_time":0.2236942569,"remaining_time":0.01427835682},
{"learn":[4.612798287],"iteration":94,"passed_time":0.2252511238,"remaining_time":0.01185532231},
{"learn":[4.605222001],"iteration":95,"passed_time":0.2292497018,"remaining_time":0.009552070906},
{"learn":[4.601725912],"iteration":96,"passed_time":0.2315363396,"remaining_time":0.007160917719},
{"learn":[4.59722371],"iteration":97,"passed_time":0.2334616099,"remaining_time":0.004764522651},
{"learn":[4.580235665],"iteration":98,"passed_time":0.2351923573,"remaining_time":0.002375680377},
{"learn":[4.57591791],"iteration":99,"passed_time":0.2370954322,"remaining_time":0}
]}